NotificationID,Date,Category,Message,Priority,Status
N001,10-06-2026,Admission,New patient admitted to General Medicine,High,Active
N002,18-06-2026,Lab,12 lab reports are pending review,Medium,Active
N003,13-06-2026,Pharmacy,Paracetamol 500 mg stock is low,High,Active
N004,28-06-2026,Billing,18 patient bills are pending,Medium,Active
N005,08-07-2026,Beds,Bed occupancy reached 92%,High,Active
N006,11-07-2026,Doctor,Dr. Priya Sharma is unavailable until 2:00 PM,Low,Active
N007,18-07-2026,Appointment,15 appointments are scheduled today,Low,Active
N008,19-07-2026,System,Dashboard data refreshed successfully,Low,Active
,,,,,
,,,,,
,,,,,
,,,,,
,,,,,
,,,,,
,,,,,
,,,,,
,,,,,
,,,,,
,,,,,
,,,,,
,,,,,
,,,,,
,,,,,
,,,,,
,,,,,
,,,,,
,,,,,
,,,,,
,,,,,
,,,,,
,,,,,
,,,,,
,,,,,
,,,,,
,,,,,
,,,,,
,,,,,
,,,,,
,,,,,
,,,,,
,,,,,
,,,,,
,,,,,
,,,,,
,,,,,
,,,,,
,,,,,
,,,,,
,,,,,
,,,,,
,,,,,
,,,,,
,,,,,
,,,,,
,,,,,
,,,,,
,,,,,
,,,,,
,,,,,
,,,,,
,,,,,
,,,,,
,,,,,
,,,,,
,,,,,
,,,,,
,,,,,
,,,,,
,,,,,
,,,,,
,,,,,
,,,,,
,,,,,
,,,,,
,,,,,
,,,,,
,,,,,
,,,,,
,,,,,
,,,,,
,,,,,
,,,,,
,,,,,
,,,,,
,,,,,
,,,,,
,,,,,
,,,,,
,,,,,
,,,,,
,,,,,
,,,,,
,,,,,
,,,,,
,,,,,
,,,,,
,,,,,
,,,,,
,,,,,
